1,Saddar,Commercial,150,Mixed,Retail;Food;Tech;Fashion;Shoe;Bridal,10,High,09:00 AM,10:00 PM,The historic commercial heart of Peshawar. Excellent foot traffic but high congestion.,30,95,Extremely limited street parking; high congestion.,Limited wheelchair access; direct BRT station access makes it very reachable for elderly using transit.
2,Hayatabad Phase 3,Mixed,130,Families;Students,Food;Retail;Clinics;Fashion;Shoe,8,Medium,10:00 AM,11:00 PM,Planned suburb with modern amenities. Great for family-oriented businesses and high-end cafes.,90,85,Ample plaza parking available.,Excellent wheelchair accessibility with paved paths; close to BRT Hayatabad feeder routes.
3,Hayatabad Phase 6,Mixed,110,Families,Retail;Clinics;Food,7,Low,09:00 AM,10:00 PM,Quieter phase of Hayatabad with growing commercial sectors.,85,80,Dedicated parking lots mostly available.,Good accessibility; elderly-friendly flat terrain; short walk from BRT feeder stops.
4,University Town,Mixed,180,Students;High-Income,Food;Tech;Boutiques;Fashion;Shoe;Bridal,12,Medium,10:00 AM,12:00 AM,Upscale area near universities. Perfect for premium brands tech hubs and aesthetic cafes.,60,100,Street parking available but competitive.,Moderate wheelchair access (some older buildings lack ramps); walkable from BRT University Road station.
5,Karkhano Market,Commercial,80,Bargain Shoppers,Retail;Wholesale;Shoe,5,High,08:00 AM,08:00 PM,Famous for imported goods and wholesale. Best for bulk retail and bargain businesses.,20,90,Large open dirt lots; disorganized.,Poor wheelchair access due to narrow crowded aisles; accessible via BRT Karkhano station.
6,Ring Road,Industrial,50,General,Industrial;Warehousing;Large Retail,15,High,06:00 AM,10:00 PM,Expanding highway area. Ideal for large spaces warehousing or mega-marts.,70,20,Massive parking capacity for heavy vehicles.,Wide spaces suitable for disabled access but highly car-dependent; no direct BRT access yet.
7,Board Bazaar,Commercial,90,Students;Locals,Food;Retail;Fashion;Shoe,7,High,08:00 AM,11:00 PM,Bustling local market near educational institutes. Good for affordable food and daily needs.,15,100,Virtually no parking; extreme traffic.,Extremely crowded limiting disabled access; adjacent to BRT Board Bazar station making it transit-friendly.
8,DHA Sector A,Mixed,160,High-Income,Retail;Food;Fashion;Bridal,10,Low,10:00 AM,11:00 PM,Premium newly developed sector. Perfect for luxury brands and modern eateries.,100,10,Structured dedicated plaza parking.,State-of-the-art wheelchair accessibility and elderly-friendly infrastructure; private transport required.
9,DHA Sector B,Mixed,140,High-Income;Families,Clinics;Tech;Retail;Fashion,9,Low,09:00 AM,10:00 PM,Growing premium commercial area in DHA with high security.,95,10,Abundant secure parking.,Excellent disabled access with modern building codes; no BRT access.
10,Qissa Khwani Bazaar,Commercial,110,Mixed;Bargain Shoppers,Retail;Food;Bridal,8,High,09:00 AM,11:00 PM,The historic 'Storytellers Bazaar'. Authentic feel with high tourist and local traffic.,10,85,Zero parking; pedestrian zone.,Very poor wheelchair access due to historic narrow streets; accessible via walk from BRT Khyber Bazar station.
11,Shami Road,Commercial,140,Mixed;High-Income,Clinics;Retail;Food,9,Medium,09:00 AM,10:00 PM,Well-maintained road connecting Cantonment. Great for clinics and specialized retail.,80,75,Moderate street parking; usually available.,Good accessibility; well-paved sidewalks suitable for elderly; near BRT lines.
12,Peshawar Cantt,Commercial,170,High-Income;Mixed,Retail;Tech;Food;Fashion;Shoe,11,Medium,10:00 AM,11:00 PM,Secure and affluent area with established markets like Gora Bazaar.,85,90,Secure designated parking areas.,Good wheelchair access in most modern plazas; 5-min walk from BRT Saddar station.
13,Gulbahar,Mixed,95,Families,Retail;Food,6,Medium,09:00 AM,10:00 PM,Established residential-commercial area. Good for localized retail and family businesses.,50,80,Tight street parking; heavy evening load.,Moderate accessibility; older buildings may lack ramps; connected via BRT feeder routes.
14,Deans Trade Center,Mall,200,Mixed,Retail;Tech;Offices;Fashion;Shoe;Bridal,8,Low,10:00 AM,09:00 PM,Premier shopping mall. Secure climate-controlled great for electronics clothing and offices.,100,100,Underground paid parking available.,Fully accessible with elevators and ramps; extremely elderly-friendly; located near BRT Saddar station.
